date,BRLUSD,CADUSD,EURUSD,GBPUSD,JPYUSD,MXNUSD,USDBRL,USDCAD,USDJPY,USDMXN
2023-09-25,0.2014626186111167,0.7422251911229868,1.0591,1.2218,0.00672314105149926,0.057566878320889296,4.9637,1.3473,148.74,17.3711
2023-09-26,0.20066218521119694,0.7402472425790214,1.0573,1.2168,0.006715916722632639,0.05715657472079014,4.9835,1.3509,148.9,17.4958
2023-09-27,0.19776525264511027,0.7400828892835998,1.051,1.2133,0.0066898581750066905,0.05648760097158674,5.0565,1.3512,149.48,17.703
2023-09-28,0.19858212363723016,0.742170105388155,1.0578,1.2223,0.006703311435849309,0.05682141030740383,5.0357,1.3474,149.18,17.599
2023-09-29,0.1999160352651886,0.7388252678241596,1.0584,1.2214,0.006692096633875393,0.057450133284309216,5.0021,1.3535,149.43,17.4064
2023-10-02,0.19696671262556628,0.7317430118542367,1.05,1.213,0.006675567423230974,0.05699402132716278,5.077,1.3666,149.8,17.5457
2023-10-03,0.1947495520760302,0.7288629737609329,1.0453,1.2069,0.006704210244033253,0.055824131655632096,5.1348,1.372,149.16,17.9134
2023-10-04,0.19469646820606676,0.7278550112817527,1.0518,1.2157,0.006719075455217362,0.055708754630790225,5.1362,1.3739,148.83,17.9505
2023-10-05,0.1930166573375282,0.7280139778683751,1.0527,1.2171,0.006734460233012323,0.05458813253998581,5.1809,1.3736,148.49,18.319
2023-10-06,0.19406171162429653,0.7322252324815114,1.0596,1.2255,0.006707807888382076,0.05506607929515418,5.153,1.3657,149.08,18.16
2023-10-09,0.19406171162429653,0.7322252324815114,1.0596,1.2255,0.006707807888382076,0.05506607929515418,5.153,1.3657,149.08,18.16
2023-10-10,0.19736322728349254,0.7364312541424257,1.0618,1.2288,0.006728569506122998,0.05561735261401557,5.0668,1.3579,148.62,17.98
2023-10-11,0.19801588087364608,0.7343761474627305,1.062,1.2304,0.006703760809814306,0.056119872046691735,5.0501,1.3617,149.17,17.819
2023-10-12,0.1981296560469171,0.7322788517867604,1.0553,1.2214,0.0066795805223431965,0.055869042963294036,5.0472,1.3656,149.71,17.899
2023-10-13,0.1970831690973591,0.7326007326007326,1.0502,1.2139,0.00668359844940516,0.0553939897521119,5.074,1.365,149.62,18.0525
2023-10-16,0.19774178877222123,0.7344840249724569,1.0546,1.2198,0.006685832720465334,0.055690450201599434,5.0571,1.3615,149.57,17.9564
2023-10-17,0.1993739657475527,0.7341065922771987,1.0593,1.2206,0.0066795805223431965,0.055859056428818804,5.0157,1.3622,149.71,17.9022
2023-10-18,0.19749185346104473,0.7301401869158879,1.0532,1.215,0.0066728947017216066,0.05479692260482652,5.0635,1.3696,149.86,18.2492
2023-10-19,0.1982750074353128,0.7290755322251385,1.057,1.2145,0.006670224119530417,0.05468664552116373,5.0435,1.3716,149.92,18.286
2023-10-20,0.19862551146069202,0.7303534910896874,1.0592,1.2153,0.0066733400066733405,0.05489920505951074,5.0346,1.3692,149.85,18.2152
2023-10-23,0.1997363480206128,0.7312079555425564,1.0646,1.2235,0.006676458806249165,0.05523854766810471,5.0066,1.3676,149.78,18.1033
2023-10-24,0.2000080003200128,0.7275902211874272,1.0595,1.217,0.006673785371062466,0.05469920904943714,4.9998,1.3744,149.84,18.2818
2023-10-25,0.2000520135235161,0.7261109497531223,1.0583,1.214,0.006669334400426837,0.05465376837732962,4.9987,1.3772,149.94,18.297
2023-10-26,0.19979620786797467,0.7230657989877078,1.0532,1.2113,0.006647168306301516,0.05499309836615505,5.0051,1.383,150.44,18.1841
2023-10-27,0.20216723273491835,0.7211885186787826,1.0592,1.2151,0.0066844919786096255,0.05540288981473273,4.9464,1.3866,149.6,18.0496
2023-10-30,0.1984520738241715,0.7231180851833104,1.062,1.2157,0.006710958996040534,0.05549081626990733,5.039,1.3829,149.01,18.021
2023-10-31,0.19828287034283107,0.7205649228995533,1.0568,1.2135,0.006602403274792024,0.05539245554755442,5.0433,1.3878,151.46,18.053
2023-11-01,0.1993858914543207,0.7205130052597449,1.0538,1.2127,0.006624271330153682,0.05572272372673576,5.0154,1.3879,150.96,17.946
2023-11-02,0.20186115989422476,0.725268349289237,1.0618,1.2175,0.006645401382243488,0.056847897764740654,4.9539,1.3788,150.48,17.5908
2023-11-03,0.20458683688291496,0.7314753858532661,1.0733,1.2374,0.006695232994108194,0.05756853534132385,4.8879,1.3671,149.36,17.3706
2023-11-06,0.20441119355695916,0.7319572536963841,1.0747,1.2391,0.0066769045870334505,0.05706589970097469,4.8921,1.3662,149.77,17.5236
2023-11-07,0.20543583211783797,0.7262691553489723,1.0687,1.2296,0.006645843025187745,0.0572475383558507,4.8677,1.3769,150.47,17.468
2023-11-08,0.20447806972702176,0.7247427163357009,1.0715,1.2301,0.006632619221330503,0.05721085633209758,4.8905,1.3798,150.77,17.4792
2023-11-09,0.2039276464710321,0.726427429899753,1.071,1.2279,0.006620762711864407,0.05719776699917635,4.9037,1.3766,151.04,17.4832
2023-11-10,0.2039276464710321,0.726427429899753,1.071,1.2279,0.006620762711864407,0.05719776699917635,4.9037,1.3766,151.04,17.4832
2023-11-13,0.20370747606437156,0.7256367462448298,1.07,1.2268,0.006598046978094484,0.05689253001080957,4.909,1.3781,151.56,17.577
2023-11-14,0.20551605080356775,0.7293414047115455,1.0861,1.2483,0.006633499170812604,0.05746796161140164,4.8658,1.3711,150.75,17.401
2023-11-15,0.20576131687242796,0.7317965605561654,1.0853,1.2431,0.0066194479380419675,0.057718058826245554,4.86,1.3665,151.07,17.3256
2023-11-16,0.20496003279360528,0.7260055176419341,1.0851,1.2423,0.006640547181087721,0.057797120547454325,4.879,1.3774,150.59,17.3019
2023-11-17,0.20423168041826648,0.727802037845706,1.0879,1.243,0.006674676278200508,0.05810609009930331,4.8964,1.374,149.82,17.2099
2023-11-20,0.2055413960371619,0.7288629737609329,1.0945,1.2505,0.006744907594765952,0.05839075090505663,4.8652,1.372,148.26,17.126
2023-11-21,0.20436106512987146,0.7304601899196493,1.0923,1.254,0.00676223965377333,0.058107103012272225,4.8933,1.369,147.88,17.2096
2023-11-22,0.20456172650097168,0.7281730139081046,1.0871,1.2468,0.006681365671143183,0.0581348029811527,4.8885,1.3733,149.67,17.2014
2023-11-23,0.20456172650097168,0.7281730139081046,1.0871,1.2468,0.006681365671143183,0.0581348029811527,4.8885,1.3733,149.67,17.2014
2023-11-24,0.20412329046744235,0.7348618459729571,1.0934,1.2601,0.006685832720465334,0.058392455694724246,4.899,1.3608,149.57,17.1255
2023-11-27,0.20384035223612865,0.7335142668524903,1.0937,1.2613,0.0067163677883000875,0.058302238805970144,4.9058,1.3633,148.89,17.152
2023-11-28,0.2057020611346526,0.737354372511429,1.1007,1.2713,0.006783800284919612,0.0584180394905947,4.8614,1.3562,147.41,17.118
2023-11-29,0.20424002287488255,0.7355104442483084,1.0969,1.269,0.006784720808738721,0.0581320993826371,4.8962,1.3596,147.39,17.2022
2023-11-30,0.202852100533501,0.7359976448075366,1.0908,1.264,0.006762696963549063,0.05755130699018174,4.9297,1.3587,147.87,17.3758
2023-12-01,0.20466639377814164,0.7410151908114117,1.0878,1.2682,0.006802721088435374,0.05812872023809524,4.886,1.3495,147.0,17.2032
2023-12-04,0.2028685614590307,0.7387161113983897,1.0824,1.2633,0.0067957866123003734,0.05742637938163275,4.9293,1.3537,147.15,17.4136
2023-12-05,0.2020896065315361,0.7365397363187745,1.0787,1.259,0.006790710308298248,0.05723246683378547,4.9483,1.3577,147.26,17.4726
2023-12-06,0.20413579112825853,0.7363770250368188,1.079,1.2589,0.0067953248165262305,0.0579233326768689,4.8987,1.358,147.16,17.2642
2023-12-07,0.2039068553484768,0.7356186552890982,1.0794,1.2582,0.006939625260235948,0.057355564350075425,4.9042,1.3594,144.1,17.4351
2023-12-08,0.20274105911929283,0.735564545788893,1.0746,1.2539,0.006902263942573164,0.057534419966745104,4.9324,1.3595,144.88,17.3809
2023-12-11,0.20241276010039672,0.7370283018867925,1.0747,1.255,0.006830134553650707,0.057395396889169496,4.9404,1.3568,146.41,17.423
2023-12-12,0.20147073637554147,0.7346998751010212,1.079,1.2549,0.006875214850464078,0.05780714380683165,4.9635,1.3611,145.45,17.2989
2023-12-13,0.20112226222320548,0.7369196757553427,1.0793,1.2527,0.006888475580354068,0.05742308178195307,4.9721,1.357,145.17,17.4146
2023-12-14,0.2041816399869324,0.7460459564309161,1.0997,1.2767,0.007065639793683318,0.05785429973155605,4.8976,1.3404,141.53,17.2848
2023-12-15,0.20246603632240692,0.7477194556602363,1.0906,1.2709,0.007052186177715091,0.058203829812001624,4.9391,1.3374,141.8,17.181
2023-12-18,0.2025808804165063,0.7467702188036741,1.092,1.2632,0.006991051454138703,0.05812500363281273,4.9363,1.3391,143.04,17.2043
2023-12-19,0.2056005592335211,0.7496251874062968,1.0977,1.2751,0.006962818548948614,0.05857201429157149,4.8638,1.334,143.62,17.073
2023-12-20,0.204473888684415,0.7506380423359855,1.0957,1.266,0.006955554009876886,0.058554865909357066,4.8906,1.3322,143.77,17.078
2023-12-21,0.20516187271757416,0.7522190461862495,1.099,1.2668,0.007034327518289252,0.05863933291894871,4.8742,1.3294,142.16,17.0534
2023-12-22,0.20585026451758992,0.7542046911531789,1.1008,1.272,0.007012622720897616,0.05888241182358829,4.8579,1.3259,142.6,16.983
2023-12-25,0.20585026451758992,0.7542046911531789,1.1008,1.272,0.007012622720897616,0.05888241182358829,4.8579,1.3259,142.6,16.983
2023-12-26,0.20721094073767096,0.7571168988491823,1.1035,1.2709,0.007018528916339136,0.058936201561809336,4.826,1.3208,142.48,16.9675
2023-12-27,0.20694935949173238,0.7575183698204682,1.1114,1.2797,0.0070397747272087285,0.0591233194196455,4.8321,1.3201,142.05,16.9138
2023-12-28,0.2061260667023952,0.7574609907589759,1.1073,1.2743,0.007088176920895945,0.05914010290377906,4.8514,1.3202,141.08,16.909
2023-12-29,0.20609632942437295,0.7574609907589759,1.1062,1.2743,0.00709622480840193,0.059172297897016536,4.8521,1.3202,140.92,16.8998
2024-01-01,0.20609632942437295,0.7574609907589759,1.1062,1.2743,0.00709622480840193,0.059172297897016536,4.8521,1.3202,140.92,16.8998
2024-01-02,0.2043193102180087,0.7513148009015778,1.0957,1.2632,0.007047713017125944,0.05877512636652169,4.8943,1.331,141.89,17.014
2024-01-03,0.2030910457157944,0.7486150621350501,1.0909,1.2641,0.006966213862765586,0.05863039399624765,4.9239,1.3358,143.55,17.056
2024-01-04,0.20348778055877745,0.7487832272557096,1.0957,1.2692,0.006916107614634483,0.058657907085875184,4.9143,1.3355,144.59,17.048
2024-01-05,0.20515345478417857,0.7501312729727703,1.0957,1.274,0.00691945751453086,0.05912227076817566,4.8744,1.3331,144.52,16.9141
2024-01-08,0.20514924607652066,0.7484469725319961,1.0976,1.2766,0.006949753283758427,0.05951318216985062,4.8745,1.3361,143.89,16.803
2024-01-09,0.20426505433450445,0.7471607890017932,1.0935,1.272,0.006927606511950121,0.05904581955597544,4.8956,1.3384,144.35,16.936
2024-01-10,0.20437777187353104,0.7474400179385604,1.096,1.273,0.00686436024162548,0.0588650812338121,4.8929,1.3379,145.68,16.988
2024-01-11,0.2047585896228347,0.7441029838529652,1.0943,1.2712,0.006847907964116962,0.058869586205678566,4.8838,1.3439,146.03,16.9867
2024-01-12,0.2060326355694742,0.7463243525636241,1.0959,1.2746,0.006903216899074968,0.05934365913002196,4.8536,1.3399,144.86,16.851
2024-01-15,0.2060326355694742,0.7463243525636241,1.0959,1.2746,0.006903216899074968,0.05934365913002196,4.8536,1.3399,144.86,16.851
2024-01-16,0.2034049996948925,0.7422802850356295,1.0882,1.2657,0.006802258349772125,0.05830937789724722,4.9163,1.3472,147.01,17.1499
2024-01-17,0.20292207792207792,0.7394808844191377,1.0858,1.2666,0.006738998584810298,0.057920648711265565,4.928,1.3523,148.39,17.265
2024-01-18,0.2022653721682848,0.7405761682589054,1.0863,1.2687,0.006749915626054674,0.058127706571337236,4.944,1.3503,148.15,17.2035
2024-01-19,0.20292207792207792,0.742555877329769,1.0887,1.2677,0.006747183051076176,0.05842486562280907,4.928,1.3467,148.21,17.116
2024-01-22,0.20074274816822243,0.7432733759476736,1.0895,1.2728,0.006759040216289288,0.05836280655064141,4.9815,1.3454,147.95,17.1342
2024-01-23,0.20102926986169187,0.7415097137772505,1.0829,1.2661,0.006731740154830023,0.057597051030987216,4.9744,1.3486,148.55,17.362
2024-01-24,0.20329335230737958,0.7418947993174567,1.0901,1.2754,0.006788405403570701,0.058278454455387846,4.919,1.3479,147.31,17.159
2024-01-25,0.2029550251664231,0.7413447994662318,1.0837,1.27,0.006770939129257228,0.05804403220282906,4.9272,1.3489,147.69,17.2283
2024-01-26,0.20352091177368475,0.7431629013079668,1.0866,1.272,0.00675949709341625,0.05832876424680066,4.9135,1.3456,147.94,17.1442
2024-01-29,0.20233903929424144,0.7441029838529652,1.0807,1.2681,0.006772773450728073,0.057998584834530034,4.9422,1.3439,147.65,17.2418
2024-01-30,0.20150321397626292,0.7457677679170707,1.0844,1.2683,0.006770022341073725,0.05820925061410759,4.9627,1.3409,147.71,17.1794
2024-01-31,0.2024701356549909,0.7471607890017932,1.0855,1.2733,0.006837139340899768,0.05822009524807582,4.939,1.3384,146.26,17.1762
2024-02-01,0.2032726903140563,0.7473841554559043,1.0865,1.2727,0.006840881105486386,0.0584726932522512,4.9195,1.338,146.18,17.102
2024-02-02,0.2012072434607646,0.7430524595036408,1.0787,1.2627,0.006732193348592972,0.058292043136111915,4.97,1.3458,148.54,17.155
2024-02-05,0.19992802591067216,0.7389344565137073,1.0736,1.2532,0.006720881779689496,0.058247903075489285,5.0018,1.3533,148.79,17.168
2024-02-06,0.20186115989422476,0.7407956144899621,1.0751,1.2589,0.006755387421468621,0.05873197662467331,4.9539,1.3499,148.03,17.0265
2024-02-07,0.20149915370355445,0.7423904974016333,1.0769,1.2629,0.006754931099702783,0.05867511588335387,4.9628,1.347,148.04,17.043
2024-02-08,0.20024028834601523,0.7427764985515858,1.0774,1.262,0.006700167504187605,0.05841735696510147,4.994,1.3463,149.25,17.1182
2024-02-09,0.20129634848423847,0.7419498441905327,1.0782,1.2628,0.006694336591243808,0.05850108519513038,4.9678,1.3478,149.38,17.0937
2024-02-12,0.2018733850129199,0.744213738185607,1.0774,1.2631,0.00669478476266988,0.05861973961111665,4.9536,1.3437,149.37,17.0591
2024-02-13,0.2018733850129199,0.737300007373,1.072,1.2606,0.006634819532908705,0.058132775258690844,4.9536,1.3563,150.72,17.202
2024-02-14,0.20139770003826557,0.7380073800738007,1.0735,1.2562,0.006644518272425249,0.05848979353102883,4.9653,1.355,150.5,17.097
2024-02-15,0.20104947827660385,0.7411250277921886,1.0761,1.258,0.006658232904987017,0.05854458169896376,4.9739,1.3493,150.19,17.081
2024-02-16,0.20119914691561708,0.7416747014759326,1.0769,1.259,0.006651589729945457,0.05860977611065525,4.9702,1.3483,150.34,17.062
2024-02-19,0.20119914691561708,0.7416747014759326,1.0769,1.259,0.006651589729945457,0.05860977611065525,4.9702,1.3483,150.34,17.062
2024-02-20,0.20274105911929283,0.7398091292446549,1.0814,1.2645,0.006672449456195369,0.058670296402337424,4.9324,1.3517,149.87,17.0444
2024-02-21,0.20293855020699733,0.740521327014218,1.0818,1.2624,0.006653802648213455,0.05862351975612616,4.9276,1.3504,150.29,17.058
2024-02-22,0.20239637305699482,0.7409602845287493,1.0815,1.2649,0.006639224538573895,0.05836689429755443,4.9408,1.3496,150.62,17.133
2024-02-23,0.20096463022508038,0.7406310176270182,1.0828,1.2678,0.006650704974727321,0.058467906965866435,4.976,1.3502,150.36,17.1034
2024-02-26,0.20044097013429546,0.7400281210686006,1.0855,1.2681,0.006631739505272233,0.058453211127153265,4.989,1.3513,150.79,17.1077
2024-02-27,0.2023349452683973,0.7395355716609968,1.0857,1.2693,0.006646284726837697,0.05857681763865133,4.9423,1.3522,150.46,17.0716
2024-02-28,0.20193861066235866,0.7369196757553427,1.0843,1.267,0.006636580833554552,0.058515120307087345,4.952,1.357,150.68,17.0896
2024-02-29,0.20116676725005028,0.7370283018867925,1.0807,1.2632,0.0066711140760507,0.05862351975612616,4.971,1.3568,149.9,17.058
2024-03-01,0.2020896065315361,0.7378440197742198,1.0832,1.2652,0.006657789613848203,0.058804504425038956,4.9483,1.3553,150.2,17.0055
2024-03-04,0.20231447762401877,0.737300007373,1.0862,1.2701,0.006647168306301516,0.05895253142169924,4.9428,1.3563,150.44,16.9628
2024-03-05,0.20175527085645112,0.7364312541424257,1.0861,1.2712,0.006660450246436659,0.05907128131516301,4.9565,1.3579,150.14,16.9287
2024-03-06,0.20263013920690562,0.7402472425790214,1.0913,1.2757,0.006703760809814306,0.059308463317715436,4.9351,1.3509,149.17,16.861
2024-03-07,0.2027616131713944,0.7426110203475419,1.0941,1.2796,0.00675310642895732,0.05928103955230959,4.9319,1.3466,148.08,16.8688
2024-03-08,0.20094040107704053,0.7425007425007425,1.0941,1.2852,0.006794863083508868,0.05949477040968099,4.9766,1.3468,147.17,16.8082
2024-03-11,0.20129634848423847,0.7415647015202076,1.0928,1.2807,0.006809206046574969,0.059476370038183825,4.9678,1.3485,146.86,16.8134
2024-03-12,0.20072260136491368,0.7410151908114117,1.0918,1.2786,0.006770939129257228,0.05942441511519423,4.982,1.3495,147.69,16.8281
2024-03-13,0.20095251492072422,0.7423904974016333,1.0944,1.2799,0.006769105801123672,0.05977286312014345,4.9763,1.347,147.73,16.73
2024-03-14,0.2007548381916004,0.7398638650488311,1.0888,1.2749,0.00674809366354005,0.05990176111177669,4.9812,1.3516,148.19,16.694
2024-03-15,0.20020821654520704,0.7390983000739099,1.0888,1.2742,0.0067051092932814815,0.05992006663111409,4.9948,1.353,149.14,16.6889
2024-03-18,0.1992269992429374,0.7385524372230428,1.0886,1.2736,0.00670555890833501,0.05958055290753098,5.0194,1.354,149.13,16.784
2024-03-19,0.19914764806627636,0.7364854912358227,1.0859,1.2713,0.006634379353811452,0.05937537109606936,5.0214,1.3578,150.73,16.842
2024-03-20,0.19983613436981673,0.737354372511429,1.0856,1.2713,0.006593696426216537,0.05962567004346711,5.0041,1.3562,151.66,16.7713
2024-03-21,0.2008637139700713,0.7387706855791962,1.0861,1.267,0.006596741209842338,0.059740725252404564,4.9785,1.3536,151.59,16.739
2024-03-22,0.2005133140840552,0.7356186552890982,1.0817,1.2603,0.006607201850016518,0.05979108993177836,4.9872,1.3594,151.35,16.7249
2024-03-25,0.2005655949778375,0.7364312541424257,1.0837,1.2648,0.0066041474045700705,0.059845478973290955,4.9859,1.3579,151.42,16.7097
2024-03-26,0.20036064916850332,0.7370283018867925,1.0829,1.263,0.006597176408497163,0.059926889195181875,4.991,1.3568,151.58,16.687
2024-03-27,0.20098078623683577,0.7360518180479906,1.0821,1.2631,0.006607201850016518,0.060470460180201975,4.9756,1.3586,151.35,16.537
2024-03-28,0.1998321410015587,0.7390983000739099,1.0801,1.2634,0.006607201850016518,0.06019382411364594,5.0042,1.353,151.35,16.613
2024-03-29,0.1993898670069587,0.7385524372230428,1.0791,1.2637,0.006612881893929374,0.06039595588679381,5.0153,1.354,151.22,16.5574
2024-04-01,0.19735543714229326,0.7364312541424257,1.0733,1.2545,0.006591088847877669,0.06003842459173872,5.067,1.3579,151.72,16.656
2024-04-02,0.19791006966434452,0.7369196757553427,1.0769,1.2576,0.006598482349059716,0.06034019803652995,5.0528,1.357,151.55,16.5727
2024-04-03,0.19754647280772802,0.7395902669920863,1.0827,1.2635,0.00659326168655634,0.060426611879871896,5.0621,1.3521,151.67,16.549
2024-04-04,0.1996565906640578,0.7411250277921886,1.0865,1.2669,0.006593696426216537,0.06057815793937338,5.0086,1.3493,151.66,16.5076
2024-04-05,0.19748015324459894,0.7363770250368188,1.0841,1.2633,0.006596741209842338,0.06067629801770535,5.0638,1.358,151.59,16.4809
2024-04-08,0.19883878151594686,0.7362143856290951,1.0853,1.2655,0.006588483331137172,0.06125574272588055,5.0292,1.3583,151.78,16.325
2024-04-09,0.1998041918919459,0.7362143856290951,1.0856,1.2676,0.006590654451987083,0.06113254146314624,5.0049,1.3583,151.73,16.3579
2024-04-10,0.19709870703248186,0.7305669199298656,1.0737,1.2544,0.006540222367560497,0.06057925887334694,5.0736,1.3688,152.9,16.5073
2024-04-11,0.19699387349053446,0.7296607077708865,1.0722,1.2535,0.006527841242900973,0.06084760716784812,5.0763,1.3705,153.19,16.4345
2024-04-12,0.19465099077354303,0.7269555103227683,1.0647,1.2457,0.006530825496342737,0.06003229737598829,5.1374,1.3756,153.12,16.6577
2024-04-15,0.19308374041821938,0.7272198385571959,1.0644,1.2466,0.006482982171799027,0.06009976561091412,5.1791,1.3751,154.25,16.639
2024-04-16,0.18982896410334288,0.7233796296296295,1.0628,1.2437,0.006469560716827328,0.058842912959563155,5.2679,1.3824,154.57,16.9944
2024-04-17,0.19083605274708498,0.7244277021153288,1.0644,1.2443,0.006467886941336265,0.058901487262553384,5.2401,1.3804,154.61,16.9775
2024-04-18,0.19023341640192515,0.7270083605961469,1.066,1.2465,0.006467886941336265,0.058421793665909126,5.2567,1.3755,154.61,17.1169
2024-04-19,0.19192752816536476,0.7276961141027506,1.0655,1.2397,0.006470397929472662,0.05811858516116284,5.2103,1.3742,154.55,17.2062
2024-04-22,0.19197542714532542,0.7288098535092193,1.0655,1.2341,0.006461200491051237,0.0584180394905947,5.209,1.3721,154.77,17.118
2024-04-23,0.19260771586509753,0.7312079555425564,1.0695,1.2434,0.006459531038046638,0.05878998453823407,5.1919,1.3676,154.81,17.0097
2024-04-24,0.19391118867558657,0.7288098535092193,1.0687,1.2434,0.006447037586229127,0.05847611250804047,5.157,1.3721,155.11,17.101
2024-04-25,0.19363708537459096,0.7304068366079907,1.0721,1.2494,0.006430041152263374,0.05819028222286878,5.1643,1.3691,155.52,17.185
2024-04-26,0.19553018008329584,0.7311010381634743,1.0686,1.2474,0.00634437254155564,0.058330805665087845,5.1143,1.3678,157.62,17.1436
2024-04-29,0.19543082725869176,0.7326544069162576,1.0717,1.2553,0.006381213706847042,0.05877616273943939,5.1169,1.3649,156.71,17.0137
2024-04-30,0.19318445251526156,0.7273785277858598,1.0684,1.2514,0.006347594261774787,0.058602219852088,5.1764,1.3748,157.54,17.0642
2024-05-01,0.19254467036352435,0.7267441860465117,1.068,1.2488,0.006343165239454488,0.058753025780827715,5.1936,1.376,157.65,17.0204
2024-05-02,0.19557606931215896,0.7301401869158879,1.0706,1.2507,0.006503219093451258,0.059071630258851884,5.1131,1.3696,153.77,16.9286
2024-05-03,0.1971608832807571,0.7308338814587444,1.077,1.255,0.006542361792607132,0.058713010803193987,5.072,1.3683,152.85,17.032
2024-05-06,0.197441162533565,0.7323324789454413,1.0779,1.2575,0.006499837504062399,0.05916599611871066,5.0648,1.3655,153.85,16.9016
2024-05-07,0.19740998104864182,0.7292882147024504,1.0767,1.2535,0.006468723720809884,0.05914360066240832,5.0656,1.3712,154.59,16.908
2024-05-08,0.19745285813012145,0.7289161017566879,1.0755,1.2503,0.006434178355424013,0.05915794579949006,5.0645,1.3719,155.42,16.9039
2024-05-09,0.19391870927707106,0.7304601899196493,1.0771,1.2505,0.006423432682425488,0.05931549913992526,5.1568,1.369,155.68,16.859
2024-05-10,0.19400523814142984,0.7319036814755178,1.0773,1.2528,0.006416426050689766,0.059648076349537726,5.1545,1.3663,155.85,16.765
2024-05-13,0.19377967251235345,0.7312614259597806,1.0796,1.2563,0.006403278478581034,0.05949901826619861,5.1605,1.3675,156.17,16.807
2024-05-14,0.1947495520760302,0.7326007326007326,1.0818,1.2588,0.006389776357827476,0.059381717556798615,5.1348,1.365,156.5,16.8402
2024-05-15,0.19493937385473117,0.7346459006758742,1.086,1.2658,0.006450780544445878,0.05994089827430154,5.1298,1.3612,155.02,16.6831
2024-05-16,0.19501920939212514,0.7349698662354843,1.0875,1.2682,0.00644122383252818,0.05993802408309807,5.1277,1.3606,155.25,16.6839
2024-05-17,0.19548431238393119,0.7344840249724569,1.0869,1.2703,0.006427974545220801,0.060182231797884,5.1155,1.3615,155.57,16.6162
2024-05-20,0.19619383951343927,0.7346998751010212,1.0861,1.2708,0.006406560317765392,0.06037881669595039,5.097,1.3611,156.09,16.5621
2024-05-21,0.19560667409972027,0.732922896511287,1.0855,1.271,0.0064069707842132236,0.06026056669036916,5.1123,1.3644,156.08,16.5946
2024-05-22,0.194325689856199,0.7316894709885124,1.0836,1.2739,0.006390184676337146,0.06016629965223879,5.146,1.3667,156.49,16.6206
2024-05-23,0.1941747572815534,0.7301401869158879,1.0827,1.2717,0.0063673989175421835,0.059856941908837884,5.15,1.3696,157.05,16.7065
2024-05-24,0.1942086966654367,0.7317965605561654,1.0852,1.2746,0.006373486297004461,0.05994736621246546,5.1491,1.3665,156.9,16.6813
2024-05-27,0.1942086966654367,0.7317965605561654,1.0852,1.2746,0.006373486297004461,0.05994736621246546,5.1491,1.3665,156.9,16.6813
2024-05-28,0.19402029452280709,0.7336757153338225,1.0879,1.2786,0.006373486297004461,0.05986625877789019,5.1541,1.363,156.9,16.7039
2024-05-29,0.19219680953296175,0.7298204641658151,1.0811,1.2714,0.00634437254155564,0.059042333353014106,5.203,1.3702,157.62,16.937
2024-05-30,0.1921820348233847,0.7316359379572724,1.0837,1.2739,0.006384472961757007,0.05909047934196842,5.2034,1.3668,156.63,16.9232
2024-05-31,0.1907923606738786,0.7328154770628755,1.0846,1.2738,0.006361727845282779,0.05884429798752501,5.2413,1.3646,157.19,16.994
2024-06-03,0.19104021396503965,0.7338910905621605,1.089,1.2795,0.006408613176108691,0.05688929343497554,5.2345,1.3626,156.04,17.578
2024-06-04,0.18908238319435777,0.7307804735457468,1.0878,1.2785,0.006457028475495577,0.055997312129017804,5.2887,1.3684,154.87,17.858
2024-06-05,0.1893078903528699,0.7296607077708865,1.0865,1.2771,0.006401638819537802,0.057032052013231437,5.2824,1.3705,156.21,17.534
2024-06-06,0.19029857846961884,0.7307804735457468,1.0883,1.2786,0.006411078343377357,0.05707371641211789,5.2549,1.3684,155.98,17.5212
2024-06-07,0.18964176670269858,0.7274314395868189,1.0807,1.2727,0.006386511687316387,0.05474592416594584,5.2731,1.3747,156.58,18.2662
2024-06-10,0.1864106626899059,0.7270083605961469,1.0751,1.2733,0.0063722678901421016,0.05433601391001956,5.3645,1.3755,156.93,18.404
2024-06-11,0.18681462384875488,0.7265329845975007,1.0733,1.2725,0.006356470887363336,0.054244643341470035,5.3529,1.3764,157.32,18.435
2024-06-12,0.18545994065281898,0.7304601899196493,1.0843,1.2843,0.006415191172696947,0.05336464058914563,5.392,1.369,155.88,18.739
2024-06-13,0.18595310262751735,0.7274843590862796,1.0756,1.2764,0.006378771448618995,0.0538761172559816,5.3777,1.3746,156.77,18.5611
2024-06-14,0.18670998338281147,0.728066982162359,1.0699,1.2685,0.006358087487283825,0.05419496095253064,5.3559,1.3735,157.28,18.4519
2024-06-17,0.184593801340151,0.7271669575334497,1.0723,1.2689,0.0063371356147021544,0.05408416577878495,5.4173,1.3752,157.8,18.4897
2024-06-18,0.185000185000185,0.7287036362311448,1.0739,1.2699,0.006336734047272036,0.05437205711240879,5.4054,1.3723,157.81,18.3918
2024-06-19,0.185000185000185,0.7287036362311448,1.0739,1.2699,0.006336734047272036,0.05437205711240879,5.4054,1.3723,157.81,18.3918
2024-06-20,0.18358392539149274,0.7297672042618404,1.0708,1.2671,0.006298419096806701,0.054362598532209844,5.4471,1.3703,158.77,18.395
2024-06-21,0.18335503034525752,0.7300335815447511,1.0694,1.2645,0.006271558482282847,0.05494656446605676,5.4539,1.3698,159.45,18.1995
2024-06-24,0.18509949097639983,0.732171621027969,1.0727,1.2684,0.006261348694508797,0.055543521125978254,5.4025,1.3658,159.71,18.0039
2024-06-25,0.1839655616468597,0.732171621027969,1.0705,1.2677,0.0062625250501002,0.05517241379310345,5.4358,1.3658,159.68,18.125
2024-06-26,0.1815508069933371,0.7300868803387603,1.0682,1.2625,0.006223549912870301,0.05504849772649704,5.5081,1.3697,160.68,18.1658
2024-06-27,0.18084817795460711,0.7303001533630322,1.0708,1.2653,0.006222775357809584,0.05459111256687411,5.5295,1.3693,160.7,18.318
2024-06-28,0.17986905532772143,0.7307804735457468,1.0711,1.264,0.006215813028344107,0.05476151360823613,5.5596,1.3684,160.88,18.261
2024-07-01,0.1789324887719863,0.7276961141027506,1.0728,1.265,0.006190034045187248,0.05438920918089851,5.5887,1.3742,161.55,18.386
2024-07-02,0.1761555806087937,0.7304068366079907,1.0737,1.2679,0.006190800470500836,0.05486998556919379,5.6768,1.3691,161.53,18.2249
2024-07-03,0.17945588974230134,0.733998825601879,1.0799,1.2766,0.0061927173643794905,0.05520561330676103,5.5724,1.3624,161.48,18.1141
2024-07-04,0.17945588974230134,0.733998825601879,1.0799,1.2766,0.0061927173643794905,0.05520561330676103,5.5724,1.3624,161.48,18.1141
2024-07-05,0.18247509214992153,0.7336218912772358,1.0828,1.2807,0.006221613886642195,0.0552883286338254,5.4802,1.3631,160.73,18.087
2024-07-08,0.18319380072178357,0.7332991127080737,1.0835,1.2829,0.006220065932698886,0.05557562453108066,5.4587,1.3637,160.77,17.9935
2024-07-09,0.18410781353560643,0.7333528894103843,1.0813,1.2787,0.006195786864931846,0.05572862389309021,5.4316,1.3636,161.4,17.9441
2024-07-10,0.18508236165093467,0.7348618459729571,1.0823,1.2842,0.0061831447474185374,0.05607550005327172,5.403,1.3608,161.73,17.8331
2024-07-11,0.18428084400626554,0.7342683016374183,1.087,1.292,0.00630596544330937,0.056079588151504614,5.4265,1.3619,158.58,17.8318
2024-07-12,0.1832878168588134,0.7338372349012989,1.0902,1.2986,0.006333924499619965,0.056647595309579114,5.4559,1.3627,157.88,17.653
2024-07-15,0.18388099222183404,0.7319572536963841,1.0912,1.2986,0.006333523339033505,0.056287290329843524,5.4383,1.3662,157.89,17.766
2024-07-16,0.18326430377890995,0.7306736811340055,1.0885,1.2958,0.006306363120388472,0.05662834815108444,5.4566,1.3686,158.57,17.659
2024-07-17,0.18258503898190584,0.7308338814587444,1.0933,1.3008,0.006387327542156361,0.05634215463667762,5.4769,1.3683,156.56,17.7487
2024-07-18,0.18052170773535517,0.7301935012778387,1.0913,1.2973,0.006370644072115691,0.05603747786519625,5.5395,1.3695,156.97,17.8452
2024-07-19,0.17995645053896958,0.7287036362311448,1.0888,1.2922,0.006354047528275512,0.05574539961089711,5.5569,1.3723,157.38,17.9387
2024-07-22,0.1802288906911778,0.7269555103227683,1.088,1.2911,0.0063661828367710714,0.055784893450853516,5.5485,1.3756,157.08,17.926
2024-07-23,0.17958157493041213,0.7265857734505557,1.0855,1.2916,0.00640943468786053,0.0553287078533568,5.5685,1.3763,156.02,18.0738
2024-07-24,0.17745599091425326,0.725531451788435,1.0853,1.2925,0.0065193298128952346,0.0544102204158029,5.6352,1.3783,153.39,18.3789
2024-07-25,0.17776513670139013,0.7241653993772178,1.0861,1.2884,0.006494771708774437,0.05449858576169948,5.6254,1.3809,153.97,18.3491
2024-07-26,0.17683153259889303,0.7229612492770388,1.0859,1.2864,0.006499415052645261,0.05435964340073929,5.6551,1.3832,153.86,18.396
2024-07-29,0.17694730509254344,0.7218652999350321,1.0819,1.2853,0.006495193556767992,0.053593152938780544,5.6514,1.3853,153.96,18.6591
2024-07-30,0.1768565516509559,0.7221259387637203,1.0809,1.2828,0.006505334374186833,0.05319629966539527,5.6543,1.3848,153.72,18.7983
2024-07-31,0.17659108568199477,0.7243227582210633,1.0823,1.284,0.006649820454847719,0.05377066810055115,5.6628,1.3806,150.38,18.5975
2024-08-01,0.1756388864494599,0.7222824124232574,1.0789,1.2772,0.006664001066240171,0.0536428885622633,5.6935,1.3845,150.06,18.6418
2024-08-02,0.17434055684373856,0.7222302470027444,1.0914,1.2798,0.006803646754660498,0.05263407214025928,5.7359,1.3846,146.98,18.9991
2024-08-05,0.17392514261861694,0.7235890014471781,1.0957,1.2765,0.006946856547412296,0.05142710208279763,5.7496,1.382,143.95,19.445
2024-08-06,0.1772766757077771,0.7251105793633529,1.0926,1.2695,0.006891323823306456,0.05176331740748601,5.6409,1.3791,145.11,19.3187
2024-08-07,0.17857142857142858,0.7283851700779372,1.0925,1.2718,0.006783340116673451,0.052153686483329076,5.6,1.3729,147.42,19.1741
2024-08-08,0.17853317146325787,0.7276961141027506,1.0914,1.2741,0.006799020940984498,0.05232041019201591,5.6012,1.3742,147.08,19.113
2024-08-09,0.18149149712335977,0.7285974499089253,1.0925,1.2766,0.006826404532732609,0.0531222608834232,5.5099,1.3725,146.49,18.8245
2024-08-12,0.18162664826183297,0.727749072119933,1.0928,1.2776,0.0067778229632641995,0.05264820469621986,5.5058,1.3741,147.54,18.994
2024-08-13,0.1822589170175151,0.7287036362311448,1.0954,1.2828,0.0068041096822480775,0.05249371387776314,5.4867,1.3723,146.97,19.0499
2024-08-14,0.18322736683951116,0.7301401869158879,1.1024,1.2849,0.006809206046574969,0.05312310748929569,5.4577,1.3696,146.86,18.8242
2024-08-15,0.18311664530305805,0.7298737318443909,1.0986,1.2863,0.006715465717547512,0.053608092677670624,5.461,1.3701,148.91,18.6539
2024-08-16,0.18264506584354623,0.7296607077708865,1.0996,1.2906,0.006750826976304598,0.053714635626769223,5.4751,1.3705,148.13,18.6169
2024-08-19,0.18502072232089994,0.7321180174244089,1.107,1.2984,0.006829668078131404,0.0533546752034147,5.4048,1.3659,146.42,18.7425
2024-08-20,0.18272516308220807,0.7336218912772358,1.1106,1.3027,0.0068634179821551134,0.0529316176431668,5.4727,1.3631,145.7,18.8923
2024-08-21,0.18269178069678646,0.7362143856290951,1.1143,1.3077,0.00688752668916592,0.05210775884529207,5.4737,1.3583,145.19,19.191
2024-08-22,0.1796138302649304,0.735023888276369,1.1114,1.3094,0.006850722751250257,0.051448268765756026,5.5675,1.3605,145.97,19.437
2024-08-23,0.18148161591230808,0.7399733609590056,1.1176,1.3197,0.006903216899074968,0.05237247302817639,5.5102,1.3514,144.86,19.094
2024-08-26,0.18188432157148052,0.7415647015202076,1.1164,1.3185,0.0069199363365857035,0.051533110023189894,5.498,1.3485,144.51,19.405
2024-08-27,0.18167614410551752,0.7432733759476736,1.116,1.3235,0.0069319284624982675,0.05089421129240761,5.5043,1.3454,144.26,19.6486
2024-08-28,0.18066520930064497,0.7428316743425939,1.1127,1.3201,0.006921852287672181,0.051206423333742986,5.5351,1.3462,144.47,19.5288
2024-08-29,0.17744654422855113,0.7429420505200593,1.1086,1.3186,0.006897503103876397,0.050535678188801295,5.6355,1.346,144.98,19.788
2024-08-30,0.17795810866122114,0.7411250277921886,1.106,1.3132,0.006851661527920521,0.050870909978837704,5.6193,1.3493,145.95,19.6576
2024-09-02,0.17795810866122114,0.7411250277921886,1.106,1.3132,0.006851661527920521,0.050870909978837704,5.6193,1.3493,145.95,19.6576
2024-09-03,0.17702248185519562,0.7383888355608063,1.1043,1.3103,0.006857769853243725,0.05042864346949068,5.649,1.3543,145.82,19.83
2024-09-04,0.17729553392550043,0.7396996819291367,1.1081,1.3142,0.0069295267133254795,0.05046401663293989,5.6403,1.3519,144.31,19.8161
2024-09-05,0.1788141048565911,0.7399186089530152,1.1096,1.3165,0.006972042111134351,0.05001850684753359,5.5924,1.3515,143.43,19.9926
2024-09-06,0.17894209433827213,0.7374087456677235,1.1086,1.3136,0.007035812284528249,0.04990044860503296,5.5884,1.3561,142.13,20.0399
2024-09-09,0.17843760037115022,0.7374631268436578,1.1042,1.3083,0.006996921354603975,0.05029042721717921,5.6042,1.356,142.92,19.8845
2024-09-10,0.17704442044508967,0.7349158521349305,1.1025,1.3065,0.007028394714647174,0.04979310962948947,5.6483,1.3607,142.28,20.0831
2024-09-11,0.17705068961243603,0.735564545788893,1.1012,1.3027,0.007056167090036692,0.05040906959980239,5.6481,1.3595,141.72,19.8377
2024-09-12,0.17699428308465637,0.735564545788893,1.1041,1.3081,0.007030371203599549,0.05101286034209224,5.6499,1.3595,142.24,19.6029
2024-09-13,0.18019641409135959,0.7363228039172373,1.1085,1.314,0.007109341674960899,0.05192404550623348,5.5495,1.3581,140.66,19.2589
2024-09-16,0.18147502903600465,0.735348187366718,1.1123,1.3202,0.007102777185879679,0.05194535348813048,5.5104,1.3599,140.79,19.251
2024-09-17,0.181775216766946,0.7354022650389763,1.1118,1.3164,0.0070536784933342735,0.05187556090450228,5.5013,1.3598,141.77,19.2769
2024-09-18,0.1823985408116735,0.7349158521349305,1.1116,1.3199,0.007045726766715986,0.05186668188089335,5.4825,1.3607,141.93,19.2802
2024-09-19,0.18502072232089994,0.7374631268436578,1.1147,1.3279,0.006998880179171333,0.051961818455798676,5.4048,1.356,142.88,19.2449
2024-09-20,0.18216595318335005,0.7371913011426465,1.1159,1.3305,0.006949270326615705,0.05175179837499353,5.4895,1.3565,143.9,19.323
2024-09-23,0.180658681552942,0.7406310176270182,1.113,1.3351,0.006964273278083432,0.05158228664276687,5.5353,1.3502,143.59,19.3865
2024-09-24,0.18294914013904134,0.7423904974016333,1.115,1.3376,0.006955554009876886,0.05169695246465221,5.466,1.347,143.77,19.3435
2024-09-25,0.18245178711525478,0.7426110203475419,1.1143,1.3338,0.006924728204417977,0.05109470403392688,5.4809,1.3466,144.41,19.5715
2024-09-26,0.18405359640727378,0.7426110203475419,1.1184,1.3428,0.006911805363560962,0.05110123153968011,5.4332,1.3466,144.68,19.569
2024-09-27,0.18410103464781472,0.740521327014218,1.1159,1.3394,0.007012622720897616,0.050909239008695296,5.4318,1.3504,142.6,19.6428
2024-09-30,0.18345594305527527,0.7401376656058027,1.1145,1.3399,0.006980802792321117,0.05078642783502536,5.4509,1.3511,143.25,19.6903
2024-10-01,0.18365135626526602,0.7411799584939224,1.1067,1.3282,0.006960879855213699,0.05075034383357947,5.4451,1.3492,143.66,19.7043
2024-10-02,0.18394864153928223,0.7415647015202076,1.105,1.3271,0.006846970215679561,0.05161716580466,5.4363,1.3485,146.05,19.3734
2024-10-03,0.1820962925194843,0.7389344565137073,1.1015,1.3114,0.006811061163329247,0.051323900000513234,5.4916,1.3533,146.82,19.4841
2024-10-04,0.1832005129614363,0.7364854912358227,1.0961,1.3107,0.006725401842760105,0.05220541787826741,5.4585,1.3578,148.69,19.1551
2024-10-07,0.18228549554311962,0.7348618459729571,1.0976,1.308,0.006750826976304598,0.05168573008678034,5.4859,1.3608,148.13,19.3477
2024-10-08,0.18084163697849792,0.7319572536963841,1.097,1.3093,0.006746727836999055,0.05160997311120401,5.5297,1.3662,148.22,19.3761
2024-10-09,0.17913763144223707,0.730887297178775,1.0951,1.308,0.006702412868632708,0.051539484398998074,5.5823,1.3682,149.2,19.4026
2024-10-10,0.17913442247062197,0.7271669575334497,1.0925,1.3053,0.006731287022078621,0.05133048620236531,5.5824,1.3752,148.56,19.4816
2024-10-11,0.17747488730344657,0.726321905868681,1.0942,1.307,0.006706008583690987,0.051463625509489894,5.6346,1.3768,149.12,19.4312
2024-10-14,0.17747488730344657,0.726321905868681,1.0942,1.307,0.006706008583690987,0.051463625509489894,5.6346,1.3768,149.12,19.4312
2024-10-15,0.1771604719554973,0.7244801854669274,1.0899,1.3083,0.006701514542286557,0.05109470403392688,5.6446,1.3803,149.22,19.5715
2024-10-16,0.17667220239567508,0.7261109497531223,1.0873,1.3,0.0066795805223431965,0.050292956471446174,5.6602,1.3772,149.71,19.8835
2024-10-17,0.17616799379888662,0.7251105793633529,1.0837,1.3008,0.006661337596589395,0.05028663381273258,5.6764,1.3791,150.12,19.886
2024-10-18,0.17609664183704016,0.7244277021153288,1.0854,1.3022,0.0066853857467575875,0.05046401663293989,5.6787,1.3804,149.58,19.8161
2024-10-21,0.1753586083540841,0.7221780891167762,1.082,1.298,0.006645843025187745,0.04987680429339532,5.7026,1.3847,150.47,20.0494
2024-10-22,0.175703693291633,0.7230657989877078,1.0805,1.2969,0.00661769571835087,0.05025327651362869,5.6914,1.383,151.11,19.8992
2024-10-23,0.17530020159523182,0.7226477814713109,1.0779,1.2944,0.00654407434068451,0.05017964312237811,5.7045,1.3838,152.81,19.9284
2024-10-24,0.17522955071143195,0.7216048491845866,1.0806,1.2964,0.00658457891617831,0.050372758412250654,5.7068,1.3858,151.87,19.852
2024-10-25,0.17538321231891682,0.7203572972194208,1.0813,1.2978,0.006575486586007364,0.05021945903598726,5.7018,1.3882,152.08,19.9126
2024-10-28,0.17524490475439428,0.7192692224699705,1.0819,1.2981,0.006526989099928202,0.04988924587415937,5.7063,1.3903,153.21,20.0444
2024-10-29,0.174678591391839,0.7189589474441009,1.0798,1.3005,0.006515931452401121,0.05,5.7248,1.3909,153.47,20.0
2024-10-30,0.17307026652821048,0.7188555819135936,1.0864,1.3012,0.00652954619653934,0.049573666468371996,5.778,1.3911,153.15,20.172
2024-10-31,0.1727503584569938,0.7174115790228854,1.0855,1.2856,0.006563833278634723,0.04992162305180866,5.7887,1.3939,152.35,20.0314
2024-11-01,0.17155012694709393,0.718132854578097,1.0848,1.2959,0.006538511834706421,0.04993184303425824,5.8292,1.3925,152.94,20.0273
2024-11-04,0.17328920234980158,0.7195279896387969,1.0884,1.2942,0.0065780818313379815,0.04978096375945838,5.7707,1.3898,152.02,20.088
2024-11-05,0.17325017325017325,0.7220216606498195,1.092,1.3015,0.006580679126085812,0.04940296516596926,5.772,1.385,151.96,20.2417
2024-11-06,0.1753063478428554,0.7179266278986287,1.0732,1.2897,0.006469142191745374,0.04938271604938271,5.7043,1.3929,154.58,20.25
2024-11-07,0.17535245844146735,0.7211885186787826,1.0792,1.2985,0.006530399007379351,0.05029194473921112,5.7028,1.3866,153.13,19.8839
2024-11-08,0.17297147700344215,0.7183391997701315,1.071,1.2905,0.00655393891728929,0.049448647579488705,5.7813,1.3921,152.58,20.223
2024-11-11,0.17297147700344215,0.7183391997701315,1.071,1.2905,0.00655393891728929,0.049448647579488705,5.7813,1.3921,152.58,20.223
2024-11-12,0.17307326191176725,0.7165376898824879,1.0598,1.2733,0.006462870807212564,0.04856396359645289,5.7779,1.3956,154.73,20.5914
2024-11-13,0.17203709119686203,0.7150518412584912,1.0567,1.2709,0.006439979392065945,0.048565378712823196,5.8127,1.3985,155.28,20.5908
2024-11-14,0.1730972287133683,0.7130124777183601,1.0562,1.2706,0.006411900487304436,0.04875575317887511,5.7771,1.4025,155.96,20.5104
2024-11-15,0.1725714877387958,0.7104290991759022,1.0552,1.2629,0.006468723720809884,0.04917001022736213,5.7947,1.4076,154.59,20.3376
2024-11-18,0.17405531477903677,0.71285999429712,1.0586,1.2664,0.006460783046905285,0.04934616333580064,5.7453,1.4028,154.78,20.265
2024-11-19,0.1734755833116489,0.7152564194263644,1.0578,1.2667,0.006479201762342879,0.04963641327277691,5.7645,1.3981,154.34,20.1465
2024-11-20,0.1732321657485362,0.7145409074669525,1.0521,1.2639,0.0064358347277641914,0.04923707157593095,5.7726,1.3995,155.38,20.3099
2024-11-21,0.171588393761046,0.7163323782234957,1.0475,1.2586,0.00646579593948015,0.04891626025407105,5.8279,1.396,154.66,20.4431
2024-11-22,0.17229496898690558,0.7150518412584912,1.0399,1.2516,0.006462870807212564,0.048817398520832826,5.804,1.3985,154.73,20.4845
2024-11-25,0.17207261464337953,0.7141326858530315,1.0478,1.2554,0.006481301445330222,0.04918355301987015,5.8115,1.4003,154.29,20.332
2024-11-26,0.1721496324605347,0.7113387395077536,1.0481,1.2547,0.006515082415792559,0.04822530864197531,5.8089,1.4058,153.49,20.736
2024-11-27,0.1702968273701061,0.71285999429712,1.0575,1.2678,0.006636140420731303,0.04842896439502537,5.8721,1.4028,150.69,20.6488
2024-11-28,0.1702968273701061,0.71285999429712,1.0575,1.2678,0.006636140420731303,0.04842896439502537,5.8721,1.4028,150.69,20.6488
2024-11-29,0.16678897858429517,0.7135721421435707,1.0547,1.2699,0.006648494116082707,0.0492266493388861,5.9956,1.4014,150.41,20.3142
2024-12-02,0.16463344363774057,0.7107825716113441,1.0484,1.2639,0.006699718611818304,0.048935410152140195,6.0741,1.4069,149.26,20.4351
2024-12-03,0.16488046166529266,0.7109847138286527,1.0518,1.2677,0.006706008583690987,0.049205333858190224,6.065,1.4065,149.12,20.323
2024-12-04,0.1657550140891762,0.7107825716113441,1.0527,1.2712,0.006658676255160474,0.04936418924255588,6.033,1.4069,150.18,20.2576
2024-12-05,0.16737802326554524,0.7125044531528322,1.0571,1.2754,0.006658232904987017,0.04952456418383518,5.9745,1.4035,150.19,20.192
2024-12-06,0.16463886465038938,0.7070135746606334,1.0563,1.2744,0.006676458806249165,0.04941614820891171,6.0739,1.4144,149.78,20.2363
2024-12-09,0.1648858989579211,0.708215297450425,1.057,1.2783,0.0066120074054482935,0.049536830633576064,6.0648,1.412,151.24,20.187
2024-12-10,0.1651554938975045,0.7062146892655368,1.0512,1.2758,0.006576783952647155,0.049407114624505935,6.0549,1.416,152.05,20.24
2024-12-11,0.16641704110500916,0.7079144839303412,1.0508,1.2763,0.006564264145989235,0.049666736200097344,6.009,1.4126,152.34,20.1342
2024-12-12,0.16639765712098775,0.7052683546089288,1.0514,1.2715,0.006575918984678109,0.04964257347100874,6.0097,1.4179,152.07,20.144
2024-12-13,0.16489405556929673,0.702247191011236,1.0498,1.2629,0.006504488096786783,0.049654651896062885,6.0645,1.424,153.74,20.1391
2024-12-16,0.16507370540946534,0.7027406886858749,1.0512,1.269,0.0064859255415747824,0.04964947470855758,6.0579,1.423,154.18,20.1412
2024-12-17,0.1636072118058964,0.698714365567356,1.0506,1.2718,0.006518479890489538,0.04934616333580064,6.1122,1.4312,153.41,20.265
2024-12-18,0.16153523083384486,0.6975933031042902,1.0469,1.2696,0.006493506493506494,0.04960612734885013,6.1906,1.4335,154.0,20.1588
2024-12-19,0.16282932230436056,0.6960879855213699,1.0357,1.253,0.0063399480124262985,0.04898670990560261,6.1414,1.4366,157.73,20.4137
2024-12-20,0.1644331168297295,0.6966699177929497,1.043,1.2587,0.006405739542630196,0.04983454929633616,6.0815,1.4354,156.11,20.0664
2024-12-23,0.16185420173507706,0.6949270326615705,1.0409,1.2529,0.006367804381049415,0.04950249987624375,6.1784,1.439,157.04,20.201
2024-12-24,0.16153523083384486,0.6952652436904679,1.0388,1.2528,0.006357683260219976,0.0496007142502852,6.1906,1.4383,157.29,20.161
2024-12-25,0.16153523083384486,0.6952652436904679,1.0388,1.2528,0.006357683260219976,0.0496007142502852,6.1906,1.4383,157.29,20.161
2024-12-26,0.16241676140977748,0.6942515967786727,1.0423,1.2522,0.006328713372571356,0.049566294919454766,6.157,1.4404,158.01,20.175
2024-12-27,0.16123571048515825,0.6928566479595372,1.0423,1.2573,0.0063399480124262985,0.049451092869152405,6.2021,1.4433,157.73,20.222
2024-12-30,0.16125651073162078,0.6957005704744678,1.0386,1.2523,0.006358896095637797,0.04867127421395892,6.2013,1.4374,157.26,20.546
2024-12-31,0.16170763260025872,0.6944444444444444,1.0351,1.2521,0.006354451293130838,0.0479485224662802,6.184,1.44,157.37,20.8557
2025-01-01,0.16170763260025872,0.6944444444444444,1.0351,1.2521,0.006354451293130838,0.0479485224662802,6.184,1.44,157.37,20.8557
2025-01-02,0.16245370069530185,0.6933851060879213,1.0261,1.2376,0.006343165239454488,0.048484848484848485,6.1556,1.4422,157.65,20.625
2025-01-03,0.16191972020272347,0.6918021445866482,1.0292,1.2419,0.0063613231552162855,0.0484284953266502,6.1759,1.4455,157.2,20.649
2025-01-06,0.1637036309465344,0.6964273278083433,1.0397,1.253,0.006347594261774787,0.049316716887523364,6.1086,1.4359,157.54,20.2771
2025-01-07,0.16490493230652528,0.6973014434139879,1.0369,1.2499,0.006336332530731213,0.04919928169048732,6.0641,1.4341,157.82,20.3255
2025-01-08,0.16318537859007834,0.6956521739130435,1.0313,1.2366,0.006316720358789716,0.0490869821323385,6.128,1.4375,158.31,20.372
2025-01-09,0.16476907613979008,0.6947339169098236,1.0298,1.2303,0.006328713372571356,0.048770733658146416,6.0691,1.4394,158.01,20.5041
2025-01-10,0.16360453511771345,0.6926646810279143,1.0238,1.2215,0.006341958396752917,0.048280257237210564,6.1123,1.4437,157.68,20.7124
2025-01-13,0.1636955916777161,0.6939143709666227,1.0209,1.2158,0.0063488032505872646,0.04809981673969822,6.1089,1.4411,157.51,20.7901
2025-01-14,0.16527286550094206,0.6959426543252836,1.0292,1.2188,0.006331117442228554,0.0487462465390165,6.0506,1.4369,157.95,20.5144
2025-01-15,0.16538219826017928,0.697350069735007,1.0282,1.2214,0.006385696040868455,0.04885197850512946,6.0466,1.434,156.6,20.47
2025-01-16,0.16543144520910533,0.6955554009876886,1.0303,1.2246,0.006433350488934638,0.048086632877792634,6.0448,1.4377,155.44,20.7958
2025-01-17,0.16565067585475748,0.6934812760055479,1.0287,1.2181,0.006397952655150352,0.04830684507994783,6.0368,1.442,156.3,20.701
2025-01-20,0.16565067585475748,0.6934812760055479,1.0287,1.2181,0.006397952655150352,0.04830684507994783,6.0368,1.442,156.3,20.701
2025-01-21,0.1659062629614268,0.6979341150195422,1.0423,1.2331,0.006431281754453662,0.04864499370047332,6.0275,1.4328,155.49,20.5571
2025-01-22,0.1688219603606037,0.6963303391128752,1.042,1.2324,0.006384880602732729,0.04881906677471954,5.9234,1.4361,156.62,20.4838
2025-01-23,0.16931933626820184,0.6964273278083433,1.042,1.2347,0.00641025641025641,0.04911470739913067,5.906,1.4359,156.0,20.3605
2025-01-24,0.17003621771437316,0.6977880120019538,1.0515,1.2496,0.006427561383211209,0.04942738375915024,5.8811,1.4331,155.58,20.2317
2025-01-27,0.16904456014605448,0.6950236308034473,1.0492,1.2479,0.006484243288808196,0.04826068491564032,5.9156,1.4388,154.22,20.7208
2025-01-28,0.17066011331831524,0.6948304613674263,1.0427,1.2433,0.006424670735624799,0.04865375071764282,5.8596,1.4392,155.65,20.5534
2025-01-29,0.17003910899506886,0.6929046563192904,1.0416,1.2435,0.006442468754026543,0.048614014448085094,5.881,1.4432,155.22,20.5702
2025-01-30,0.16960651289009498,0.6939143709666227,1.042,1.2453,0.006475845097785262,0.048950740869463064,5.896,1.4411,154.42,20.4287
2025-01-31,0.17132088401576154,0.6916107614634484,1.04,1.2447,0.006455361177457879,0.04847544718600029,5.837,1.4459,154.91,20.629
2025-02-03,0.17146188402318163,0.6848845969454147,1.0277,1.2389,0.0064649599172485125,0.0487068335687497,5.8322,1.4601,154.68,20.531
2025-02-04,0.17361713948400986,0.698421567257997,1.0379,1.2487,0.006469979296066252,0.0489205676742673,5.7598,1.4318,154.56,20.4413
2025-02-05,0.17245542027385918,0.700280112044818,1.0419,1.2516,0.006564695069914002,0.048584490858828044,5.7986,1.428,152.33,20.5827
2025-02-06,0.1732051615138131,0.698616738857063,1.0368,1.2435,0.006577216521967903,0.048775253387441354,5.7735,1.4314,152.04,20.5022
2025-02-07,0.17286383515704679,0.6987631891551953,1.0329,1.2396,0.006609385327164573,0.04856986045879091,5.7849,1.4311,151.3,20.5889
2025-02-10,0.17314818021262596,0.6984703499336453,1.0312,1.2385,0.006591088847877669,0.048360576458071375,5.7754,1.4317,151.72,20.678
2025-02-11,0.17354783846167196,0.6989097008666479,1.0346,1.2423,0.006562971713591915,0.04866227408539255,5.7621,1.4308,152.37,20.5498
2025-02-12,0.1736111111111111,0.6998880179171332,1.0392,1.2444,0.006467468632777131,0.048821926903811035,5.76,1.4288,154.62,20.4826
2025-02-13,0.17354181490030024,0.7027406886858749,1.0428,1.2528,0.006528267397832615,0.04877311235861894,5.7623,1.423,153.18,20.5031
2025-02-14,0.1749720044792833,0.7057163020465772,1.0498,1.2609,0.006568144499178982,0.04923755643854907,5.7152,1.417,152.25,20.3097
2025-02-17,0.1749720044792833,0.7057163020465772,1.0498,1.2609,0.006568144499178982,0.04923755643854907,5.7152,1.417,152.25,20.3097
2025-02-18,0.17580872011251758,0.7047713017125943,1.0457,1.2614,0.006588049278608604,0.04938515482246037,5.688,1.4189,151.79,20.249
2025-02-19,0.17499956250109375,0.7024938531787847,1.0406,1.2571,0.00659326168655634,0.0489169781047606,5.7143,1.4235,151.67,20.4428
2025-02-20,0.175530981218185,0.7044734061289186,1.0475,1.2643,0.006683151774376796,0.04910337241961778,5.697,1.4195,149.63,20.3652
2025-02-21,0.17551249648975006,0.7044237813468582,1.0455,1.2647,0.006689410662920597,0.04913497869998673,5.6976,1.4196,149.49,20.3521
2025-02-24,0.17444395987788924,0.7030371203599549,1.0478,1.264,0.006685832720465334,0.048923439709199074,5.7325,1.4224,149.57,20.4401
2025-02-25,0.173379336650658,0.6993006993006994,1.0498,1.2652,0.006707357971694949,0.04871039236221048,5.7677,1.43,149.09,20.5295
2025-02-26,0.17301038062283736,0.6970584134950508,1.0514,1.2696,0.00670555890833501,0.04895433539594267,5.78,1.4346,149.13,20.4272
2025-02-27,0.17157956144264097,0.6935293709688606,1.0414,1.2628,0.006675567423230974,0.04882383384272867,5.8282,1.4419,149.8,20.4818
2025-02-28,0.16996685646298973,0.6928566479595372,1.0402,1.2591,0.006638343069569836,0.048720122384947426,5.8835,1.4433,150.64,20.5254
2025-03-03,0.16991775980425475,0.6944926731022988,1.0496,1.2711,0.006659563132658497,0.048886607513871576,5.8852,1.4399,150.16,20.4555
2025-03-04,0.16986003533088734,0.6889424733034791,1.0534,1.2726,0.0067199784960688125,0.04801459643731694,5.8872,1.4515,148.81,20.827
2025-03-05,0.17218520240370544,0.6956521739130435,1.0768,1.2864,0.006719526945303051,0.04905327185323261,5.8077,1.4375,148.82,20.386
2025-03-06,0.17305529116552737,0.7001820473323065,1.0818,1.2894,0.0067613252197430695,0.04922907272118623,5.7785,1.4282,147.9,20.3132
2025-03-07,0.17279513408902406,0.6951685783802573,1.0859,1.2918,0.00679671039217019,0.04934372841211882,5.7872,1.4385,147.13,20.266
2025-03-10,0.17252087502587812,0.692952671332548,1.0837,1.2909,0.0067957866123003734,0.04929508035098097,5.7964,1.4431,147.15,20.286
2025-03-11,0.17168266176798805,0.6914672935970129,1.0927,1.2948,0.006780580417683754,0.04914246400314512,5.8247,1.4462,147.48,20.349
2025-03-12,0.17179769103903242,0.694589150517469,1.0925,1.297,0.00674217907227616,0.04958399032120509,5.8208,1.4397,148.32,20.1678
2025-03-13,0.17231872070581747,0.6945409084595083,1.0859,1.2945,0.006770022341073725,0.049772787226311885,5.8032,1.4398,147.71,20.0913
2025-03-14,0.17452311558665945,0.6955554009876886,1.0872,1.2917,0.006733553296074338,0.05036641567402855,5.7299,1.4377,148.51,19.8545
2025-03-17,0.17582726729261172,0.6993985172751433,1.0922,1.2988,0.006731287022078621,0.050271971365085114,5.6874,1.4298,148.56,19.8918
2025-03-18,0.1763233064146419,0.698714365567356,1.0927,1.2987,0.006689410662920597,0.05003552522290826,5.6714,1.4312,149.49,19.9858
2025-03-19,0.1770099479590753,0.6979341150195422,1.0877,1.2969,0.0066657778962804955,0.04985790497083313,5.6494,1.4328,150.02,20.057
2025-03-20,0.17627357659086904,0.6980315510261064,1.0848,1.2973,0.0067186240257995165,0.049666736200097344,5.673,1.4326,148.84,20.1342
2025-03-21,0.17469690087697845,0.6965728615213151,1.0806,1.2896,0.006712310377231844,0.04951965930474399,5.7242,1.4356,148.98,20.194
2025-03-24,0.17453529976437734,0.6996921354603974,1.0794,1.2913,0.006633939233116624,0.04976114649681529,5.7295,1.4292,150.74,20.096
2025-03-25,0.1759417280996534,0.6989585517578807,1.0804,1.2948,0.0066769045870334505,0.04982238320387817,5.6837,1.4307,149.77,20.0713
2025-03-26,0.1742585299550413,0.7015574575557738,1.0781,1.2889,0.006636140420731303,0.04972650422675286,5.7386,1.4254,150.69,20.11
2025-03-27,0.17440136730671968,0.6985191394244202,1.08,1.2963,0.006623832549513148,0.04931379849395659,5.7339,1.4316,150.97,20.2783
2025-03-28,0.17339436815092246,0.7001820473323065,1.0826,1.2942,0.00665513110608279,0.048972076122195125,5.7672,1.4282,150.26,20.4198
2025-03-31,0.17420085358418255,0.6954586549829613,1.0796,1.2896,0.0066711140760507,0.048880155634415536,5.7405,1.4379,149.9,20.4582
2025-04-01,0.17582726729261172,0.6985191394244202,1.08,1.2923,0.006693440428380187,0.04919081115647597,5.6874,1.4316,149.4,20.329
2025-04-02,0.17542628587467546,0.6988120195667366,1.0868,1.2974,0.006667555674089879,0.04878048780487805,5.7004,1.431,149.98,20.5
2025-04-03,0.17850130305951234,0.7111363959607453,1.1052,1.3113,0.006847439057792386,0.05012330332618241,5.6022,1.4062,146.04,19.9508
2025-04-04,0.17229793759368703,0.7045230379033395,1.1014,1.2927,0.0068526005619132455,0.04880191303499097,5.8039,1.4194,145.93,20.491
2025-04-07,0.16879916275615273,0.7030371203599549,1.0912,1.2729,0.006758583400919167,0.04827652795210969,5.9242,1.4224,147.96,20.714
2025-04-08,0.16700624603360165,0.7042749489400663,1.0912,1.2769,0.006801795674057951,0.04828841705740044,5.9878,1.4199,147.02,20.7089
2025-04-09,0.165174589541145,0.7048706562345809,1.104,1.2771,0.006892273761113791,0.04774614330527452,6.0542,1.4187,145.09,20.9441
2025-04-10,0.16826801729795218,0.7137758743754461,1.1192,1.294,0.006928086462519052,0.04877358812655771,5.9429,1.401,144.34,20.5029
2025-04-11,0.1701229989282251,0.7196833393306945,1.1325,1.3051,0.0069652434352580625,0.049091801669121256,5.8781,1.3895,143.57,20.37
2025-04-14,0.17050589097853333,0.7198387561186295,1.1358,1.3176,0.006994963626189144,0.04968820650418623,5.8649,1.3892,142.96,20.1255
2025-04-15,0.17004200037409242,0.7171543316121629,1.129,1.3223,0.0069881201956673656,0.050074109682329844,5.8809,1.3944,143.1,19.9704
2025-04-16,0.17061934823408975,0.7203572972194208,1.1382,1.3247,0.007014590347923681,0.0500881551530694,5.861,1.3882,142.56,19.9648
2025-04-17,0.17150305275433902,0.7217090069284064,1.1364,1.3259,0.007025925665706456,0.050484907536891846,5.8308,1.3856,142.33,19.8079
2025-04-18,0.17221485525341415,0.7222302470027444,1.139,1.3279,0.007031359864997891,0.0507163687080005,5.8067,1.3846,142.22,19.7175
2025-04-21,0.17221485525341415,0.7236937328122739,1.1508,1.3385,0.007101768340316739,0.05085745672030433,5.8067,1.3818,140.81,19.6628
2025-04-22,0.17424031223863953,0.7247427163357009,1.1466,1.3376,0.007098743522396536,0.05106209150326797,5.7392,1.3798,140.87,19.584
2025-04-23,0.17553406238480576,0.7197351374694113,1.135,1.3256,0.007010656197420079,0.05093542915645836,5.6969,1.3894,142.64,19.6327
2025-04-24,0.1763388527394241,0.7199942400460796,1.1363,1.3309,0.007010656197420079,0.05104749458896557,5.6709,1.3889,142.64,19.5896
2025-04-25,0.17602534765006161,0.7216048491845866,1.1381,1.3331,0.006956521739130435,0.051128665286192705,5.681,1.3858,143.75,19.5585
2025-04-28,0.17612765732602992,0.7216569242981887,1.1387,1.3395,0.007007708479327261,0.05114906371638867,5.6777,1.3857,142.7,19.5507
2025-04-29,0.17752529735487307,0.7218652999350321,1.1396,1.3397,0.007027900766041184,0.051059223593446036,5.633,1.3853,142.29,19.5851
2025-04-30,0.17664099484208295,0.7242702976750923,1.1349,1.3344,0.007011147724882563,0.05104280449585022,5.6612,1.3807,142.63,19.5914
2025-05-01,0.17627668388302278,0.7221780891167762,1.1279,1.3273,0.006873797085510037,0.05092686901609289,5.6729,1.3847,145.48,19.636
2025-05-02,0.177038151721696,0.7251631617113851,1.133,1.3283,0.00691945751453086,0.05084271805170704,5.6485,1.379,144.52,19.6685
2025-05-05,0.17648200765931915,0.724112961622013,1.1315,1.3284,0.006945409084595083,0.050938283176103834,5.6663,1.381,143.98,19.6316
2025-05-06,0.1748068384435199,0.7260055176419341,1.1345,1.3369,0.007004763239002522,0.050794940823893936,5.7206,1.3774,142.76,19.687
2025-05-07,0.1741007695254013,0.7260582298700355,1.1348,1.3344,0.006970098278385725,0.05106443821458298,5.7438,1.3773,143.47,19.5831
2025-05-08,0.1760625374132892,0.7187005893344832,1.1249,1.3287,0.006874742197167606,0.05105948429920858,5.6798,1.3914,145.46,19.585
2025-05-09,0.17719500310091255,0.718132854578097,1.127,1.3318,0.006889424733034792,0.051325743966658795,5.6435,1.3925,145.15,19.4834
2025-05-12,0.175923156765125,0.7141326858530315,1.1106,1.3194,0.006752650415288,0.05098659052669148,5.6843,1.4003,148.09,19.613
2025-05-13,0.1784981168448673,0.7164350193437455,1.1176,1.328,0.00676818950930626,0.05149834432822985,5.6023,1.3958,147.75,19.4181
2025-05-14,0.17815467388786943,0.7161784716751414,1.1206,1.3303,0.006824075337791729,0.051679319486721,5.6131,1.3963,146.54,19.3501
2025-05-15,0.17739932588256166,0.714847380084352,1.1189,1.3292,0.006867660188173888,0.051318895617366314,5.637,1.3989,145.61,19.486
2025-05-16,0.17613386173491852,0.7147451933385748,1.1141,1.3257,0.006848376934666484,0.051216389244558264,5.6775,1.3991,146.02,19.525
2025-05-19,0.17722954771019422,0.7171543316121629,1.1236,1.3357,0.006897027381198703,0.05162436050323427,5.6424,1.3944,144.99,19.3707
2025-05-20,0.17640728914918763,0.7173086579155011,1.1254,1.3371,0.006909894969596462,0.05190221622463279,5.6687,1.3941,144.72,19.267
2025-05-21,0.17670654344330372,0.7234843003906815,1.1343,1.3447,0.006959910913140311,0.05176251358765982,5.6591,1.3822,143.68,19.319
2025-05-22,0.17792011386887288,0.7217090069284064,1.1281,1.3426,0.006949753283758427,0.051751262730810633,5.6205,1.3856,143.89,19.3232
2025-05-23,0.17578708668061244,0.7270083605961469,1.135,1.3511,0.007012130986606829,0.05186775796429423,5.6887,1.3755,142.61,19.2798
2025-05-26,0.17578708668061244,0.7270083605961469,1.135,1.3511,0.007012130986606829,0.05186775796429423,5.6887,1.3755,142.61,19.2798
2025-05-27,0.176934781839414,0.7259001161440186,1.1326,1.3505,0.006926646810279144,0.05199964640240447,5.6518,1.3776,144.37,19.2309
2025-05-28,0.17527562091388707,0.7236413633403286,1.1286,1.3462,0.006894649751792609,0.051501261780913625,5.7053,1.3819,145.04,19.417
2025-05-29,0.17697548889478806,0.7241653993772178,1.137,1.3489,0.006940106877645916,0.05170898185014738,5.6505,1.3809,144.09,19.339
2025-05-30,0.1748740906547286,0.7274314395868189,1.1347,1.3468,0.006935774726036898,0.051572709784890224,5.7184,1.3747,144.18,19.3901
2025-06-02,0.17525104712500655,0.7299802905321557,1.1432,1.3549,0.007004763239002522,0.051961548454143934,5.7061,1.3699,142.76,19.245
2025-06-03,0.17716674934448304,0.7287567409998542,1.1373,1.352,0.0069478218578475645,0.05192862929190121,5.6444,1.3722,143.93,19.2572
2025-06-04,0.17731754025108165,0.7316359379572724,1.1424,1.357,0.0069974109579455605,0.05207194259589048,5.6396,1.3668,142.91,19.2042
2025-06-05,0.1788556813507181,0.7316894709885124,1.144,1.3584,0.006950719399457844,0.0521447120047556,5.5911,1.3667,143.87,19.1774
2025-06-06,0.17863522686673813,0.7306736811340055,1.1397,1.3532,0.00690274038793401,0.05229414410174349,5.598,1.3686,144.87,19.1226
2025-06-09,0.1793561115595014,0.7312614259597806,1.1425,1.3563,0.006926646810279144,0.0524893053040443,5.5755,1.3675,144.37,19.0515
2025-06-10,0.17970743629371383,0.7308338814587444,1.1423,1.3508,0.006900835001035125,0.05248820327631365,5.5646,1.3683,144.91,19.0519
2025-06-11,0.18087107509767036,0.7319572536963841,1.149,1.3556,0.006921373200442968,0.053068415801651496,5.5288,1.3662,144.48,18.8436
2025-06-12,0.18032313906520483,0.7344840249724569,1.1578,1.3589,0.0069618490671122255,0.052943948241996205,5.5456,1.3615,143.64,18.8879
2025-06-13,0.18034265103697025,0.7366482504604052,1.1557,1.3594,0.006942515967786726,0.0528862680804929,5.545,1.3575,144.04,18.9085
2025-06-16,0.18127435874195597,0.737680731779286,1.1581,1.36,0.006937699458859443,0.05283569156636691,5.5165,1.3556,144.14,18.9266
2025-06-17,0.18257503834075806,0.7359976448075366,1.1535,1.3516,0.006894649751792609,0.05274790195219985,5.4772,1.3587,145.04,18.9581
2025-06-18,0.18207971449900767,0.7308338814587444,1.1521,1.3471,0.006916585973163645,0.0526127491213671,5.4921,1.3683,144.58,19.0068
2025-06-19,0.18207971449900767,0.7308338814587444,1.1521,1.3471,0.006916585973163645,0.0526127491213671,5.4921,1.3683,144.58,19.0068
2025-06-20,0.18170255292086854,0.7278550112817527,1.152,1.3465,0.006853070175438597,0.052255067435164525,5.5035,1.3739,145.92,19.1369
2025-06-23,0.18128093105886192,0.7260582298700355,1.1538,1.3491,0.006827336655970506,0.05219206680584551,5.5163,1.3773,146.47,19.16
2025-06-24,0.18186778212239701,0.7293414047115455,1.1608,1.3616,0.006901311249137336,0.052573471426318276,5.4985,1.3711,144.9,19.021
2025-06-25,0.17989170519347353,0.7272727272727273,1.162,1.3626,0.0068686036128855,0.052865578693057164,5.5589,1.375,145.59,18.9159
2025-06-26,0.18167614410551752,0.7337295472888693,1.1717,1.3754,0.006928086462519052,0.05298265877578269,5.5043,1.3629,144.34,18.8741
2025-06-27,0.18247842192660718,0.7317430118542367,1.1724,1.372,0.00690894016857814,0.05311153954419677,5.4801,1.3666,144.74,18.8283
2025-06-30,0.18418241426308615,0.7342143906020557,1.177,1.3722,0.0069362558091142406,0.05310900091347481,5.4294,1.362,144.17,18.8292
2025-07-01,0.18318708897396913,0.7321180174244089,1.1776,1.3728,0.006964758322886195,0.05336720371862676,5.4589,1.3659,143.58,18.7381
2025-07-02,0.18420955679180634,0.7342143906020557,1.179,1.3623,0.006956037840845855,0.053332480013653115,5.4286,1.362,143.76,18.7503
2025-07-03,0.1845767654767618,0.7375175160410059,1.1758,1.3656,0.006898454746136865,0.0536365586783952,5.4178,1.3559,144.96,18.644
2025-07-04,0.1845767654767618,0.7375175160410059,1.1758,1.3656,0.006898454746136865,0.0536365586783952,5.4178,1.3559,144.96,18.644
2025-07-07,0.18302280464145831,0.732922896511287,1.1733,1.3638,0.006855889208830385,0.05357707329879398,5.4638,1.3644,145.86,18.6647
2025-07-08,0.18315018315018314,0.7314753858532661,1.1707,1.3575,0.006811525100469995,0.053451925338350685,5.46,1.3671,146.81,18.7084
2025-07-09,0.18331133597301658,0.7302468234263181,1.1707,1.3585,0.006824541049614413,0.05387640752114649,5.4552,1.3694,146.53,18.561
2025-07-10,0.18065215427693976,0.730887297178775,1.1688,1.3569,0.006827802813054759,0.05367311996479043,5.5355,1.3682,146.46,18.6313
2025-07-11,0.17945911024173142,0.7311010381634743,1.1696,1.3503,0.006789327177676692,0.05355411911507174,5.5723,1.3678,147.29,18.6727
2025-07-14,0.17937863241730645,0.7302468234263181,1.1672,1.3437,0.006770939129257228,0.053309166511181595,5.5748,1.3694,147.69,18.7585
2025-07-15,0.1796590072043262,0.729235032450959,1.1619,1.3396,0.0067226890756302525,0.05321186837512239,5.5661,1.3713,148.75,18.7928
2025-07-16,0.17969451931716082,0.7296074711805048,1.1629,1.3426,0.00675310642895732,0.05338971287012419,5.565,1.3706,148.08,18.7302
2025-07-17,0.1797138954783984,0.7273256236817223,1.1597,1.3413,0.006731740154830023,0.05329666522765671,5.5644,1.3749,148.55,18.7629
2025-07-18,0.17976558567627812,0.7293414047115455,1.1645,1.3439,0.006731740154830023,0.053465357121852894,5.5628,1.3711,148.55,18.7037
2025-07-21,0.18014123072488833,0.7305135510263715,1.1705,1.3498,0.0067902492021457185,0.05366678294469637,5.5512,1.3689,147.27,18.6335
2025-07-22,0.18004068919575825,0.7344840249724569,1.1749,1.3522,0.006832467887400929,0.053774137866134664,5.5543,1.3615,146.36,18.5963
2025-07-23,0.18032313906520483,0.7348078477478139,1.1748,1.3566,0.006823609689525759,0.05382594841321105,5.5456,1.3609,146.55,18.5784
2025-07-24,0.18112988824285894,0.7329766180458843,1.1765,1.3524,0.006806425265450586,0.05388250381218714,5.5209,1.3643,146.92,18.5589
2025-07-25,0.1796331890280048,0.729181857955374,1.173,1.3429,0.006767273465520742,0.05385725672677137,5.5669,1.3714,147.77,18.5676
2025-07-28,0.17877574370709381,0.7289692374981777,1.1609,1.3393,0.006736274840013473,0.053386292535528575,5.5936,1.3718,148.45,18.7314
2025-07-29,0.17957512525364988,0.7258474268708718,1.1534,1.3339,0.0067308339503264454,0.053278208147303587,5.5687,1.3777,148.57,18.7694
2025-07-30,0.17795810866122114,0.7239032865209208,1.147,1.3274,0.006708257865432348,0.0531951677509615,5.6193,1.3814,149.07,18.7987
2025-07-31,0.17905744162727402,0.7222824124232574,1.1431,1.322,0.006640106241699867,0.05319997872000851,5.5848,1.3845,150.6,18.797
2025-08-01,0.1804337627656887,0.7257947452460445,1.1555,1.3259,0.0067540186410914495,0.05297451925623775,5.5422,1.3778,148.06,18.877
2025-08-04,0.18132037497053544,0.7259528130671506,1.1568,1.329,0.006798558705554423,0.05304645808799346,5.5151,1.3775,147.09,18.8514
2025-08-05,0.18161345392466674,0.7257420712678715,1.158,1.3309,0.006780120686148213,0.05327224782249687,5.5062,1.3779,147.49,18.7715
2025-08-06,0.1826250525047026,0.7278550112817527,1.1647,1.336,0.006791171477079796,0.0536480686695279,5.4757,1.3739,147.25,18.64
2025-08-07,0.18332477817701842,0.7273256236817223,1.1641,1.3434,0.006786562606040041,0.053510560309077,5.4548,1.3749,147.35,18.6879
2025-08-08,0.18447461629279813,0.7271669575334497,1.166,1.3444,0.006770480704129994,0.05393132385220659,5.4208,1.3752,147.7,18.5421
2025-08-11,0.1837762340574117,0.725531451788435,1.1607,1.3414,0.006757213325224677,0.053626779068395594,5.4414,1.3783,147.99,18.6474
2025-08-12,0.1854771399425021,0.7266385699752942,1.1673,1.3509,0.006765899864682002,0.05388424586303703,5.3915,1.3762,147.8,18.5583
2025-08-13,0.1850172991174675,0.7265329845975007,1.1715,1.3572,0.006791171477079796,0.053608380061971286,5.4049,1.3764,147.25,18.6538
2025-08-14,0.18471655245026505,0.7243227582210633,1.1644,1.3532,0.006770939129257228,0.053146258503401364,5.4137,1.3806,147.69,18.816
2025-08-15,0.1853087243347417,0.7242178447276941,1.1708,1.3565,0.006802721088435374,0.05338173277104575,5.3964,1.3808,147.0,18.733
2025-08-18,0.184481422720732,0.7238508867173362,1.1667,1.3521,0.00676773145641581,0.053242182716522646,5.4206,1.3815,147.76,18.7821
2025-08-19,0.18260170915199767,0.721552781585973,1.166,1.3496,0.006769564040075819,0.0531660375352225,5.4764,1.3859,147.72,18.809
2025-08-20,0.18267509407767346,0.7207726683004181,1.1649,1.345,0.006793939805693322,0.05323849782254544,5.4742,1.3874,147.19,18.7834
2025-08-21,0.1822555952467741,0.7194244604316548,1.1605,1.3417,0.006740815638692282,0.053234246655558454,5.4868,1.39,148.35,18.7849
2025-08-22,0.18451546239574876,0.7222824124232574,1.1713,1.3528,0.006811061163329247,0.05378628557290462,5.4196,1.3845,146.82,18.5921
2025-08-25,0.1848907295788189,0.7231180851833104,1.167,1.3491,0.006774608766343743,0.053672255737564144,5.4086,1.3829,147.61,18.6316
2025-08-26,0.1840434342504831,0.7234319612240468,1.1657,1.3485,0.00678886625933469,0.053573915931811114,5.4335,1.3823,147.3,18.6658
2025-08-27,0.18405359640727378,0.7233273056057866,1.1611,1.3468,0.00676818950930626,0.05346478541908372,5.4332,1.3825,147.75,18.7039
2025-08-28,0.18486680346810122,0.7272727272727273,1.1672,1.3516,0.006803646754660498,0.053579656875877374,5.4093,1.375,146.98,18.6638
2025-08-29,0.1841654542440929,0.7285443683520326,1.1695,1.3511,0.0068073519400953025,0.05365353764600469,5.4299,1.3726,146.9,18.6381
2025-09-01,0.1841654542440929,0.7285443683520326,1.1695,1.3511,0.0068073519400953025,0.05365353764600469,5.4299,1.3726,146.9,18.6381
2025-09-02,0.1830395548478026,0.7254788160185722,1.1653,1.3392,0.006746272684341902,0.05342936370970758,5.4633,1.3784,148.23,18.7163
2025-09-03,0.183247512415019,0.7253209545223761,1.1676,1.3448,0.0067581266472933705,0.0535526851316325,5.4571,1.3787,147.97,18.6732
2025-09-04,0.18301275598909245,0.7231703789412786,1.1648,1.3441,0.00672811680010765,0.05335638329091501,5.4641,1.3828,148.63,18.7419
2025-09-05,0.18524350258414687,0.7234319612240468,1.1759,1.3543,0.006810133478616181,0.05354178936660063,5.3983,1.3823,146.84,18.677
2025-09-08,0.18424689083371718,0.7235890014471781,1.1751,1.355,0.006775985905949315,0.05367657715202817,5.4275,1.382,147.58,18.6301
2025-09-09,0.18422991893883567,0.7228567297961545,1.1723,1.3533,0.0067920940025809964,0.05366822304513498,5.428,1.3834,147.23,18.633
2025-09-10,0.18488047477305922,0.7223867658744492,1.1714,1.3548,0.006785641582411617,0.0537692224970427,5.4089,1.3843,147.37,18.598
2025-09-11,0.18577691907557406,0.7230657989877078,1.1732,1.3568,0.006794863083508868,0.053996846584159486,5.3828,1.383,147.17,18.5196
2025-09-12,0.1867727535907062,0.7216048491845866,1.1714,1.3547,0.006763611768684478,0.054106405657365776,5.3541,1.3858,147.85,18.4821
2025-09-15,0.18836648583484028,0.7247952453431906,1.1772,1.3609,0.0067902492021457185,0.054539603933396234,5.3088,1.3797,147.27,18.3353
2025-09-16,0.18865788778628834,0.7275372862859221,1.1848,1.3654,0.006823144104803494,0.05472674934054267,5.3006,1.3745,146.56,18.2726
2025-09-17,0.18843392564397296,0.7266913741733885,1.1845,1.3661,0.006832467887400929,0.0545404963185165,5.3069,1.3761,146.36,18.335
2025-09-18,0.18860807242549982,0.7248477819657873,1.178,1.3552,0.00675584380489123,0.05443361820260193,5.302,1.3796,148.02,18.371
2025-09-19,0.18776874401487129,0.7261109497531223,1.1753,1.3484,0.0067645268213488464,0.054422064881985754,5.3257,1.3772,147.83,18.3749
